{
  "overall_metrics": {
    "accuracy": 0.983739837398374,
    "cohen_kappa": 0.9787123572170301,
    "matthews_corrcoef": 0.9787552781982064,
    "macro_avg": {
      "precision": 0.9889464512415332,
      "recall": 0.9641577060931898,
      "f1_score": 0.9752543922103108
    },
    "weighted_avg": {
      "precision": 0.9838761561272557,
      "recall": 0.983739837398374,
      "f1_score": 0.9835729166201527
    }
  },
  "per_crop_metrics": {
    "Alfalfa": {
      "precision": 1.0,
      "recall": 1.0,
      "f1_score": 1.0,
      "support": 60
    },
    "Corn": {
      "precision": 0.9682539682539683,
      "recall": 0.9838709677419355,
      "f1_score": 0.976,
      "support": 62
    },
    "Cotton": {
      "precision": 1.0,
      "recall": 1.0,
      "f1_score": 1.0,
      "support": 2
    },
    "Soybeans": {
      "precision": 0.9836065573770492,
      "recall": 0.967741935483871,
      "f1_score": 0.975609756097561,
      "support": 62
    },
    "Winter Wheat": {
      "precision": 0.9818181818181818,
      "recall": 1.0,
      "f1_score": 0.9908256880733946,
      "support": 54
    },
    "Winter_Wheat": {
      "precision": 1.0,
      "recall": 0.8333333333333334,
      "f1_score": 0.9090909090909091,
      "support": 6
    }
  }
}